window_id,year_min,year_max,sigma_a,sigma_z,rho,sigma_epsilon
1,1992,1994,0.5666,4.70292,0.98607,0.93771
2,1995,1997,0.6765,7.13707,0.9934,0.77227
3,1998,2000,0.65873,7.72534,0.99456,0.68257
4,2001,2003,0.61865,7.15531,0.99312,0.72085
5,2004,2006,0.56436,6.21602,0.9907,0.76421
6,2007,2009,0.57216,6.76622,0.99032,0.7901
7,2010,2012,0.61559,8.42996,0.99237,0.75509
8,2013,2015,0.59602,8.05831,0.991,0.794
9,2016,2018,0.76224,6.2331,0.99489,0.76595
10,2019,2021,0.56185,8.49092,0.9907,0.76045
