window_id,year_min,year_max,sigma_a,sigma_z,rho,sigma_epsilon
1,1992,1994,1.69338,0.20402,0.88691,0.93771
2,1995,1997,2.3002,0.21803,0.93449,0.77227
3,1998,2000,2.81418,0.23996,0.95827,0.68257
4,2001,2003,2.88226,0.2492,0.95681,0.72085
5,2004,2006,2.75819,0.25042,0.9518,0.76421
6,2007,2009,2.80036,0.2368,0.9421,0.7901
7,2010,2012,3.14791,0.22987,0.94393,0.75509
8,2013,2015,4.03761,0.29863,0.96364,0.794
9,2016,2018,19.90665,2.43436,0.9995,0.76595
10,2019,2021,4.22261,0.27941,0.96186,0.76045
