t,i,xvar,coef_dbeta,lower_dbeta,upper_dbeta,coef_beta1,lower_beta1,upper_beta1,coef_beta0,lower_beta0,upper_beta0,coef_dCov,lower_dCov,upper_dCov,Cov1,coef_Cov1,lower_Cov1,upper_Cov1
-4,1,T_X_et_m_4,-.025782669,-.21962841,.16806307,-.27445742,-.37611839,-.17279646,-.59553266,-1.0787358,-.11232959,-.00028430705,-.0024218557,.0018532416,3,-.0053704688,-.0073597287,-.0033812094
-3,2,T_X_et_m_3,-.071324706,-.19502203,.052372627,-.25618616,-.32017675,-.19219553,-.49486917,-.80119216,-.18854611,-.0007865018,-.0021505198,.0005775161,2,-.0050129443,-.0062650857,-.0037608026
-2,3,T_X_et_m_2,.012127092,-.062543973,.086798154,-.1255974,-.16326393,-.087930851,-.30341974,-.48613045,-.12070901,.00013372618,-.00068967615,.00095712848,1,-.0024576378,-.0031946809,-.0017205945
-1,,,0,0,0,0,0,0,0,0,0,0,0,0,,0,0,0
0,4,T_X_et_p_0,1.0317219,.84710211,1.2163416,.8393262,.73491836,.94373411,.59091532,.11333095,1.0685,.01137686,.0093410462,.013412672,4,.016423587,.014380578,.018466597
1,5,T_X_et_p_1,1.0318882,.78849578,1.275281,.95385557,.81607336,1.0916378,.853104,.22316965,1.4830383,.011378694,.0086947903,.014062599,5,.018664651,.015968585,.021360716
2,6,T_X_et_p_2,.94357312,.64550084,1.2416452,.99956954,.83087128,1.1682676,1.071869,.3005023,1.8432356,.010404837,.0071179769,.013691697,6,.019559162,.016258145,.022860177
3,7,T_X_et_p_3,.77035201,.46785575,1.0728483,.94010848,.77238905,1.1078279,1.1592888,.38445249,1.9341249,.008494718,.0051590735,.011830362,7,.018395653,.015113789,.021677516
