t,i,xvar,coef_dbeta,lower_dbeta,upper_dbeta,coef_beta1,lower_beta1,upper_beta1,coef_beta0,lower_beta0,upper_beta0,coef_dCov,lower_dCov,upper_dCov,Cov1,coef_Cov1,lower_Cov1,upper_Cov1,Var0,Var1,dVar
-4,1,T_X_et_m_4,.011444032,-.048552085,.071440153,-.27333829,-.30278862,-.24388796,-.60739887,-.60101783,-.6137799,.00011654299,-.00049444154,.00072752754,3,-.0051565915,-.005712179,-.0046010041,.0086815022,.018865237,.010183735
-3,2,T_X_et_m_3,.011940368,-.027957935,.051838674,-.22233626,-.24222377,-.20244879,-.49715173,-.4935658,-.50073773,.00012159755,-.0002847162,.0005279113,2,-.0041944264,-.0045696087,-.0038192442,.0086815022,.018865237,.010183735
-2,3,T_X_et_m_2,.0019317693,-.02247595,.02633949,-.13562174,-.14785276,-.12339072,-.29697728,-.29492456,-.29902998,.000019672627,-.00022888911,.00026823438,1,-.0025585364,-.0027892774,-.0023277951,.0086815022,.018865237,.010183735
-1,,T_X_et_m_1,0,0,0,0,0,0,0,0,0,0,0,0,,0,0,0,.0086815022,.018865237,.010183735
0,4,T_X_et_p_0,1.0052644,.94942397,1.0611049,.80361366,.77378488,.83344251,.56706959,.56775349,.56638581,.010237346,.0096686818,.010806011,4,.015160362,.014597635,.015723091,.0086815022,.018865237,.010183735
1,5,T_X_et_p_1,1.0183251,.94521844,1.0914317,.9403798,.90159333,.97916627,.84894693,.8504194,.84747458,.010370353,.009625854,.011114852,5,.017740488,.017008772,.018472204,.0086815022,.018865237,.010183735
2,6,T_X_et_p_2,1.0238219,.92934549,1.1182983,1.0317762,.98177207,1.0817803,1.0411069,1.0432705,1.0389433,.010426331,.009464208,.011388454,6,.019464703,.018521363,.020408042,.0086815022,.018865237,.010183735
3,7,T_X_et_p_3,1.0400305,.91006094,1.1700002,1.0965959,1.0278628,1.165329,1.1629492,1.1660489,1.1598493,.010591395,.0092678191,.011914972,7,.020687541,.019390875,.021984207,.0086815022,.018865237,.010183735
99,,ATET,1.0167202,.94894803,1.0844922,1.0352265,.99766946,1.0727835,1.056935,1.0548216,1.0590487,.010354009,.0096638352,.011044181,,.019529792,.018821271,.020238314,.0086815022,.018865237,.010183735
