t,i,xvar,coef_dbeta,lower_dbeta,upper_dbeta,coef_beta1,lower_beta1,upper_beta1,coef_beta0,lower_beta0,upper_beta0,coef_dCov,lower_dCov,upper_dCov,Cov1,coef_Cov1,lower_Cov1,upper_Cov1,Var0,Var1,dVar
-4,1,T_X_et_m_4,.011444027,-.048566468,.071454525,-.27333829,-.30286661,-.24380998,-.60739887,-.60117042,-.61362731,.00011654293,-.00049458805,.00072767393,3,-.0051565915,-.0057136505,-.004599533,.0086815022,.018865237,.010183735
-3,2,T_X_et_m_3,.011940362,-.027994754,.051875476,-.22233626,-.24234688,-.20232567,-.49715173,-.49379015,-.50051337,.00012159748,-.00028509114,.00052828609,2,-.0041944264,-.0045719314,-.0038169217,.0086815022,.018865237,.010183735
-2,3,T_X_et_m_2,.0019317708,-.022410471,.026274012,-.13562174,-.14788328,-.12336019,-.29697728,-.2950677,-.29888687,.000019672641,-.0002282223,.00026756758,1,-.0025585364,-.0027898531,-.0023272194,.0086815022,.018865237,.010183735
-1,,T_X_et_m_1,0,0,0,0,0,0,0,0,0,0,0,0,,0,0,0,.0086815022,.018865237,.010183735
0,4,T_X_et_p_0,1.0052644,.94941908,1.0611099,.80361366,.7737779,.83344954,.56706959,.56774402,.56639522,.010237346,.0096686324,.010806061,4,.015160362,.014597503,.015723223,.0086815022,.018865237,.010183735
1,5,T_X_et_p_1,1.0183251,.94521189,1.0914383,.9403798,.90158415,.97917545,.84894693,.85040718,.84748679,.010370353,.0096257869,.011114919,5,.017740488,.017008599,.018472377,.0086815022,.018865237,.010183735
2,6,T_X_et_p_2,1.0238218,.92933321,1.1183106,1.0317762,.98176199,1.0817903,1.0411071,1.043263,1.0389508,.01042633,.0094640832,.011388578,6,.019464703,.018521173,.020408232,.0086815022,.018865237,.010183735
3,7,T_X_et_p_3,1.0400305,.91001976,1.1700412,1.0965958,1.0278175,1.1653742,1.162949,1.1659987,1.1598995,.010591395,.0092674,.011915389,7,.020687539,.019390021,.02198506,.0086815022,.018865237,.010183735
99,,ATET,1.0167202,.94893771,1.0845026,1.0352265,.9976595,1.0727934,1.056935,1.0548121,1.059058,.010354009,.0096637299,.011044286,,.019529792,.018821083,.0202385,.0086815022,.018865237,.010183735
