i,Var1z1,dVarz1,dCov1,Cov1,VarY1,Rsq,dRsq,se_naive1,dse1,N
1,1.3481406,.57160938,.44851163,1.0321965,1.2219605,.64674401,.28799894,.0070087179,.018180784,1795478
