i,Var1z1,dVarz1,dCov1,Cov1,VarY1,Rsq,dRsq,se_naive1,dse1,N
1,1.0010054,.53238082,.85072905,1.5981442,118.43439,.02154357,.011478425,.045628164,.09224505,1388087
