i,Var1z1,dVarz1,dCov1,Cov1,VarY1,Rsq,dRsq,se_naive1,dse1,N
1,1.5297838,.76133585,.44230321,.86675358,1.0873934,.45162141,.23630734,.0040456243,.0093610967,2551515
