i,Var1z1,dVarz1,dCov1,Cov1,VarY1,Rsq,dRsq,N
1,.90861952,.32149595,.68059492,1.9932804,100.01208,.043722227,.0144062,1944901
