i,Var1z1,dVarz1,dCov1,Cov1,VarY1,Rsq,dRsq,se_naive1,dse1,N
1,1.9156631,.92291307,.63208663,1.5193609,1.8636374,.64660835,.23229025,.0081057819,.018869987,1167983
