i,Var1z1,dVarz1,dCov1,Cov1,VarY1,Rsq,dRsq,se_naive1,dse1,N
1,1.0047241,.48531571,.16079481,.292923,2.0435419,.041790403,.026069706,.0038494845,.0090611698,2551515
