i,Var1z1,dVarz1,dCov1,Cov1,VarY1,Rsq,dRsq,se_naive1,dse1,N
1,1.0434115,.51946664,.42899323,.87021804,1.1222527,.64671046,.31568399,.0073774834,.016294979,1750617
