i,Var1z1,dVarz1,dCov1,Cov1,VarY1,Rsq,dRsq,se_naive1,dse1,N
1,1.529308,.82254708,.26192912,.52121973,2.0035272,.088664852,.041630495,.0058384142,.01145979,1388087
