i,Var1z1,dVarz1,dCov1,Cov1,VarY1,Rsq,dRsq,se_naive1,dse1,N
1,1.2260646,.68949121,1.0669631,1.7975931,131.7005,.020011609,.012536682,.042891461,.082377717,1142301
