i,Var1z1,dVarz1,dCov1,Cov1,VarY1,Rsq,dRsq,se_naive1,dse1,N
1,95.117844,39.294724,.91601455,1.7251313,1.3564415,.023066476,.015742345,.00050281372,.0013268853,1142301
