i,t,Var1z1,dVarz1,dCov1,Cov1,VarY1,Rsq,dRsq
1,pre,1.9134063,1.132074,.04352437,-.18437536,2.4834321,.81037587,.5265376
2,post,1.8857263,1.1105671,1.0265175,1.7708491,,.81037587,.5265376
