i,Var1z1,dVarz1,dCov1,Cov1,VarY1,Rsq,dRsq,N
1,1.5995026,.62314588,.411661,1.2453997,1.5104158,.64200151,.18005003,2638237
