i,t,Var1z1,dVarz1,dCov1,Cov1,VarY1,Rsq,dRsq
1,pre,2.1284051,1.347073,-.089225315,-.28342304,2.9111156,.7788828,.62155801
2,post,2.1137664,1.3386072,1.2753494,1.9096086,,.7788828,.62155801
