i,Var1z1,dVarz1,dCov1,Cov1,VarY1,Rsq,dRsq,se_naive1,dse1,N
1,87.077003,34.448971,27.411428,80.880554,117.26049,.64066803,.18600962,.010447293,.033293471,2551515
