i,Var1z1,dVarz1,dCov1,Cov1,VarY1,Rsq,dRsq,se_naive1,dse1,N
1,1.2260646,.68949121,.59212798,1.0564075,1.3564415,.67104012,.37488785,.0099014593,.018686628,1142301
