i,Var1z1,dVarz1,dCov1,Cov1,VarY1,Rsq,dRsq,se_naive1,dse1,N
1,83.729607,32.20462,-.0094782971,-1.9145517,2.0182865,.021690639,1.3821642e-06,.00096863299,.0028444971,1240091
