i,Var1z1,dVarz1,dCov1,Cov1,VarY1,Rsq,dRsq,se_naive1,dse1,N
1,89.719437,41.018135,-.035516333,-.13325931,.48102307,.00041147426,.000063931431,.00030721576,.00071789732,1388087
