i,Var1z1,dVarz1,dCov1,Cov1,VarY1,Rsq,dRsq,se_naive1,dse1,N
1,1.0010054,.53238082,.4267115,.86953402,1.1029925,.68480062,.31007996,.0098519763,.019786447,1388087
