i,Var1z1,dVarz1,dCov1,Cov1,VarY1,Rsq,dRsq,se_naive1,dse1,N
1,1.4546515,.69685298,.5460723,1.1667856,1.4040155,.66657841,.30478054,.0071447096,.016365111,1776119
