i,Var1z1,dVarz1,dCov1,Cov1,VarY1,Rsq,dRsq,se_naive1,dse1,N
1,1.7915301,.82272744,.55745214,1.4296236,1.7465886,.65317369,.2162562,.0061348891,.015660016,1768626
