i,Var1z1,dVarz1,dCov1,Cov1,VarY1,Rsq,dRsq,se_naive1,dse1,N
1,78.197693,15.229403,.2837854,.92407769,1.1220909,.0097318403,.0047126929,.00038532188,.0023901439,1615617
