i,Var1z1,dVarz1,dCov1,Cov1,VarY1,Rsq,dRsq,se_naive1,dse1,N
1,1.0478078,.46549854,.32361257,.89646888,1.5798713,.48547524,.14240025,.010132296,.025730453,1393311
