i,Var1z1,dVarz1,dCov1,Cov1,VarY1,Rsq,dRsq,se_naive1,dse1,N
1,97.88015,41.407681,32.465092,91.872124,131.69727,.6547811,.19327496,.013742149,.03874154,1725120
