i,Var1z1,dVarz1,dCov1,Cov1,VarY1,Rsq,dRsq,se_naive1,dse1,N
1,1.0514759,.38595483,.28956336,.88565004,1.5104158,.49388799,.14383157,.0055051409,.019430153,2638237
