i,Var1z1,dVarz1,dCov1,Cov1,VarY1,Rsq,dRsq,se_naive1,dse1,N
1,.96736139,.41457549,.56639636,1.346855,101.25644,.018519545,.0076421336,.024695296,.073232576,2140153
