i,Var1z1,dVarz1,dCov1,Cov1,VarY1,Rsq,dRsq,se_naive1,dse1,N
1,89.719437,41.018135,.028960615,.032811902,.089934155,.00013342944,.00022736049,.00011686254,.00027265662,1388087
