i,Var1z1,dVarz1,dCov1,Cov1,VarY1,Rsq,dRsq,se_naive1,dse1,N
1,90.68425,28.25326,.067383856,-2.1668189,2.2084575,.0234436,.000072770294,.00074245676,.002892158,1517802
