i,Var1z1,dVarz1,dCov1,Cov1,VarY1,Rsq,dRsq,se_naive1,dse1,N
1,95.117844,39.294724,-.014399857,-.088198923,.41834056,.00019549452,.00001261398,.00028470979,.00074663013,1142301
