i,Var1z1,dVarz1,dCov1,Cov1,VarY1,Rsq,dRsq,N
1,1.4990953,.60076761,.19685955,.50902027,1.8785393,.092006944,.034338884,2330201
