i,Var1z1,dVarz1,dCov1,Cov1,VarY1,Rsq,dRsq,N
1,1.7755638,1.1585366,1.1494638,1.7636269,1.9714915,.88855076,.57847679,197518
