i,Var1z1,dVarz1,dCov1,Cov1,VarY1,Rsq,dRsq,se_naive1,dse1,N
1,78.197693,15.229403,.36535981,1.0824677,.81773418,.018324148,.010718809,.00034177344,.0021321934,1615617
