i,Var1z1,dVarz1,dCov1,Cov1,VarY1,Rsq,dRsq,se_naive1,dse1,N
1,95.117844,39.294724,-.3093881,-2.5030153,2.36044,.027904358,.0010320008,.00095478998,.0025491056,1142301
