i,Var1z1,dVarz1,dCov1,Cov1,VarY1,Rsq,dRsq,se_naive1,dse1,N
1,107.75324,36.706013,.66544819,1.4887005,1.5536524,.013238247,.0077649276,.00037722857,.0012878199,1529920
