i,Var1z1,dVarz1,dCov1,Cov1,VarY1,Rsq,dRsq,se_naive1,dse1,N
1,1.8212247,1.0439301,1.071399,1.7404071,131.7005,.012628471,.0083491765,.033142507,.06214894,1142301
