i,Var1z1,dVarz1,dCov1,Cov1,VarY1,Rsq,dRsq,se_naive1,dse1,N
1,1.0010054,.53238082,.13312766,.25027359,2.0035272,.031231897,.016615713,.0068690274,.013629101,1388087
