i,Var1z1,dVarz1,dCov1,Cov1,VarY1,Rsq,dRsq,se_naive1,dse1,N
1,.81695384,.2833063,.42715189,1.0595977,84.846565,.016197585,.0075905658,.034235988,.11783087,1475032
