i,Var1z1,dVarz1,dCov1,Cov1,VarY1,Rsq,dRsq,se_naive1,dse1,N
1,1.0478078,.46549854,.31342655,.8848272,1.1413039,.6546874,.18490641,.0090697836,.022919649,1393311
