i,Var1z1,dVarz1,dCov1,Cov1,VarY1,Rsq,dRsq,se_naive1,dse1,N
1,1.0514759,.38595483,.26017731,.84934264,1.1209779,.6120255,.15646072,.0049182191,.017323818,2638237
