i,Var1z1,dVarz1,dCov1,Cov1,VarY1,Rsq,dRsq,se_naive1,dse1,N
1,96.640556,36.60339,.69233721,1.3548958,1.4183109,.013393095,.0092329951,.00051417749,.0014797346,1240457
