i,Var1z1,dVarz1,dCov1,Cov1,VarY1,Rsq,dRsq,se_naive1,dse1,N
1,74.764053,27.041742,22.476965,68.173538,100.58447,.61802763,.18574183,.015534302,.050175168,1795478
