i,Var1z1,dVarz1,dCov1,Cov1,VarY1,Rsq,dRsq,se_naive1,dse1,N
1,87.077003,34.448971,.54502791,1.2893342,1.4732789,.012958136,.0058529698,.00029918685,.00089634774,2551515
