i,Var1z1,dVarz1,dCov1,Cov1,VarY1,Rsq,dRsq,se_naive1,dse1,N
1,1.2073156,.53554022,.37270516,.99206614,1.3032224,.625521,.19903074,.0065004099,.017226877,1768626
