i,Var1z1,dVarz1,dCov1,Cov1,VarY1,Rsq,dRsq,se_naive1,dse1,N
1,1.7225237,.92021698,.72644496,1.4174011,1.7062916,.68354493,.33609492,.0091237435,.018332746,1161588
