i,Var1z1,dVarz1,dCov1,Cov1,VarY1,Rsq,dRsq,se_naive1,dse1,N
1,1.7103375,.93992543,.87279528,1.6388532,131.69727,.011923987,.0061539593,.025963917,.052668445,1725120
