i,Var1z1,dVarz1,dCov1,Cov1,VarY1,Rsq,dRsq,se_naive1,dse1,N
1,1.7533344,.84626579,.26819354,.57398885,2.1052208,.089257456,.040373109,.0057626409,.012929566,1002495
