i,Var1z1,dVarz1,dCov1,Cov1,VarY1,Rsq,dRsq,N
1,80.687157,20.729887,-.10171342,-2.1941433,2.0389919,.029262407,.00024476205,2305547
