i,Var1z1,dVarz1,dCov1,Cov1,VarY1,Rsq,dRsq,se_naive1,dse1,N
1,1.529308,.82254708,.46355388,.87576073,1.1029925,.45467746,.23684657,.0073194434,.014479279,1388087
