i,Var1z1,dVarz1,dCov1,Cov1,VarY1,Rsq,dRsq,N
1,94.640625,25.822906,.0054715723,-.039151508,.44046703,.000036771045,2.6321204e-06,2495873
