i,Var1z1,dVarz1,dCov1,Cov1,VarY1,Rsq,dRsq,N
1,94.640625,25.822906,.026451375,.033832349,.077210806,.00015664214,.00035092418,2495873
