i,Var1z1,dVarz1,dCov1,Cov1,VarY1,Rsq,dRsq,se_naive1,dse1,N
1,89.719437,41.018135,.7761991,1.5363079,1.1029925,.023850497,.013316736,.0004892851,.0011460589,1388087
