i,Var1z1,dVarz1,dCov1,Cov1,VarY1,Rsq,dRsq,se_naive1,dse1,N
1,1.8212247,1.0439301,.85542482,1.5160805,1.8250588,.69151902,.38407445,.0093306089,.017269699,1142301
