i,Var1z1,dVarz1,dCov1,Cov1,VarY1,Rsq,dRsq,se_naive1,dse1,N
1,1.3321644,.42808455,.15743001,.46901584,1.7201489,.09599556,.033657312,.0043966542,.015836779,1618730
