i,Var1z1,dVarz1,dCov1,Cov1,VarY1,Rsq,dRsq,N
1,94.317749,25.926413,.55696964,1.8187656,.90218747,.038874362,.013262453,1811955
