i,Var1z1,dVarz1,dCov1,Cov1,VarY1,Rsq,dRsq,se_naive1,dse1,N
1,1.2894143,.60677248,.47804987,1.124114,1.8636374,.52585602,.20209664,.0097317556,.023230549,1167983
