i,Var1z1,dVarz1,dCov1,Cov1,VarY1,Rsq,dRsq,se_naive1,dse1,N
1,95.117844,39.294724,33.138577,88.763763,131.7005,.62895852,.21220031,.017707599,.048804514,1142301
