i,Var1z1,dVarz1,dCov1,Cov1,VarY1,Rsq,dRsq,se_naive1,dse1,N
1,1.1543202,.62618059,.20206666,.33720413,2.2334902,.044103738,.029194811,.0051770974,.010254676,1725120
