i,Var1z1,dVarz1,dCov1,Cov1,VarY1,Rsq,dRsq,se_naive1,dse1,N
1,1.2260646,.68949121,.23844433,.37796181,2.36044,.049361635,.03493432,.0071089384,.013253378,1142301
