i,t,Var1z1,dVarz1,dCov1,Cov1,VarY1,Rsq,dRsq
1,pre,1.787518,1.0061859,-.0012848687,-.19697262,2.3293931,.80771422,.60766727
2,post,1.7755638,1.0004047,.9947322,1.633858,,.80771422,.60766727
