i,Var1z1,dVarz1,dCov1,Cov1,VarY1,Rsq,dRsq,se_naive1,dse1,N
1,1.662509,.78283221,.22906812,.54205728,2.0226839,.087377243,.03313848,.0041934424,.010092603,1532491
