i,t,Var1z1,dVarz1,dCov1,Cov1,VarY1,Rsq,dRsq
1,pre,1.863216,1.0818839,-.0030733305,-.19876108,2.4254086,.74534464,.54402876
2,post,1.8516265,1.0764673,.99453837,1.633664,,.74534464,.54402876
