i,Var1z1,dVarz1,dCov1,Cov1,VarY1,Rsq,dRsq,se_naive1,dse1,N
1,87.077003,34.448971,-.041462921,-.13178705,.40619665,.00049102731,.00012285906,.0001609852,.00047299085,2551515
