i,Var1z1,dVarz1,dCov1,Cov1,VarY1,Rsq,dRsq,se_naive1,dse1,N
1,78.796333,15.298335,14.00673,72.348061,110.27723,.60236806,.1162903,.014517308,.093340971,1697913
