i,Var1z1,dVarz1,dCov1,Cov1,VarY1,Rsq,dRsq,se_naive1,dse1,N
1,95.117844,39.294724,.8669154,1.6369324,1.8250588,.015435568,.010479542,.00056469161,.0014885401,1142301
