i,Var1z1,dVarz1,dCov1,Cov1,VarY1,Rsq,dRsq,se_naive1,dse1,N
1,74.764053,27.041742,.0040550809,.016620191,.087373383,.000042286334,6.9596153e-06,.000098023542,.00030867403,1795478
