i,Var1z1,dVarz1,dCov1,Cov1,VarY1,Rsq,dRsq,se_naive1,dse1,N
1,74.764053,27.041742,-.47972625,-2.3827021,1.8399442,.041270714,.0046253824,.00078254828,.0024791446,1795478
