i,Var1z1,dVarz1,dCov1,Cov1,VarY1,Rsq,dRsq,se_naive1,dse1,N
1,89.719437,41.018135,31.726479,85.144264,118.43439,.68225455,.20720012,.018652789,.045849212,1388087
