i,Var1z1,dVarz1,dCov1,Cov1,VarY1,Rsq,dRsq,se_naive1,dse1,N
1,107.40981,35.773319,29.501276,101.34006,148.1765,.64526635,.16418861,.01269367,.047169797,1654757
