i,Var1z1,dVarz1,dCov1,Cov1,VarY1,Rsq,dRsq,se_naive1,dse1,N
1,86.137955,36.263119,29.557674,80.277184,117.36678,.63744766,.20527223,.014492859,.039941985,1776119
