i,Var1z1,dVarz1,dCov1,Cov1,VarY1,Rsq,dRsq,se_naive1,dse1,N
1,1.9156631,.92291307,.50450975,1.1233085,1.3918723,.47323799,.19814309,.0066644722,.015392192,1167983
