i,Var1z1,dVarz1,dCov1,Cov1,VarY1,Rsq,dRsq,se_naive1,dse1,N
1,85.685791,33.736618,28.464661,79.155205,114.50187,.63861275,.20974803,.014713164,.043338511,1750617
