i,Var1z1,dVarz1,dCov1,Cov1,VarY1,Rsq,dRsq,se_naive1,dse1,N
1,1.2073156,.53554022,.40659693,1.0374527,1.7465886,.51041704,.17674433,.0072799036,.019331973,1768626
