i,Var1z1,dVarz1,dCov1,Cov1,VarY1,Rsq,dRsq,se_naive1,dse1,N
1,1.529308,.82254708,.6430198,1.2946435,1.535272,.71387166,.32741803,.0093560535,.018562347,1388087
