i,Var1z1,dVarz1,dCov1,Cov1,VarY1,Rsq,dRsq,se_naive1,dse1,N
1,1.5995026,.62314588,.411661,1.2453997,1.5104158,.64200151,.18005003,.004546023,.014985307,2638237
