i,Var1z1,dVarz1,dCov1,Cov1,VarY1,Rsq,dRsq,se_naive1,dse1,N
1,1.1543202,.62618059,.91874367,1.7326523,131.69727,.019747848,.010235578,.033599284,.06924022,1725120
