i,Var1z1,dVarz1,dCov1,Cov1,VarY1,Rsq,dRsq,se_naive1,dse1,N
1,1.529308,.82254708,.78427762,1.4583281,118.43439,.011741883,.0063139489,.03406423,.067988299,1388087
