i,Var1z1,dVarz1,dCov1,Cov1,VarY1,Rsq,dRsq,se_naive1,dse1,N
1,1.8212247,1.0439301,.024046257,.038371254,.072057642,.011219368,.0076867635,.00083655736,.0015675011,1142301
