i,Var1z1,dVarz1,dCov1,Cov1,VarY1,Rsq,dRsq,se_naive1,dse1,N
1,1.5995228,.72089368,.47727013,1.3135242,1.5798713,.68275368,.20000257,.0085176751,.021295743,1393311
