i,Var1z1,dVarz1,dCov1,Cov1,VarY1,Rsq,dRsq,se_naive1,dse1,N
1,95.117844,39.294724,.025940437,.026771223,.072057642,.00010456693,.00023765136,.00010332088,.00027437165,1142301
