i,t,Var1z1,dVarz1,dCov1,Cov1,VarY1,Rsq,dRsq,N
1,pre,2.0620031,1.022514,-.0063096164,-.25937954,2.7192724,.6425193,.57830817,582796
2,post,2.0289454,1.0145892,1.0062236,1.631076,,.6425193,.57830817,582796
