i,Var1z1,dVarz1,dCov1,Cov1,VarY1,Rsq,dRsq,se_naive1,dse1,N
1,1.7915301,.82272744,.4270077,1.0344375,1.3032224,.45831692,.17005794,.0049795401,.012659884,1768626
