i,Var1z1,dVarz1,dCov1,Cov1,VarY1,Rsq,dRsq,se_naive1,dse1,N
1,78.796333,15.298335,-.038811356,-.083444506,.39568672,.00022332535,.00024884104,.00021964023,.0013464893,1697913
