i,Var1z1,dVarz1,dCov1,Cov1,VarY1,Rsq,dRsq,se_naive1,dse1,N
1,94.091721,25.691841,.50426328,1.3758324,.9926579,.020266561,.0099705672,.0002480543,.0011513127,2326279
