i,t,Var1z1,dVarz1,dCov1,Cov1,VarY1,Rsq,dRsq
1,pre,1.787518,1.149389,-.063670747,-.19697262,2.3293931,.80771422,.60288978
2,post,1.7755638,1.1585366,1.0760504,1.633858,,.80771422,.60288978
