i,Var1z1,dVarz1,dCov1,Cov1,VarY1,Rsq,dRsq,se_naive1,dse1,N
1,1.5297838,.76133585,.64777911,1.3630741,117.26049,.010357552,.0047003035,.018785488,.044789609,2551515
