i,Var1z1,dVarz1,dCov1,Cov1,VarY1,Rsq,dRsq,se_naive1,dse1,N
1,94.640625,25.822906,21.121351,88.480751,131.21101,.63044864,.13166429,.0096965441,.04858055,2495873
