i,Var1z1,dVarz1,dCov1,Cov1,VarY1,Rsq,dRsq,se_naive1,dse1,N
1,97.88015,41.407681,-.033106036,-.11639638,.43989414,.00031465606,.000060170732,.00021505696,.00056377507,1725120
