i,Var1z1,dVarz1,dCov1,Cov1,VarY1,Rsq,dRsq,se_naive1,dse1,N
1,97.88015,41.407681,.020239349,.026294855,.070576228,.0001000895,.00014016958,.000077662022,.00020497059,1725120
