i,Var1z1,dVarz1,dCov1,Cov1,VarY1,Rsq,dRsq,se_naive1,dse1,N
1,1.0047241,.48531571,.39029559,.84050566,1.0873934,.64661795,.28865311,.0054079038,.013000445,2551515
