i,Var1z1,dVarz1,dCov1,Cov1,VarY1,Rsq,dRsq,se_naive1,dse1,N
1,1.1543202,.62618059,.51846504,.98844439,1.2712406,.66581017,.33768487,.0073059676,.014833549,1725120
