i,Var1z1,dVarz1,dCov1,Cov1,VarY1,Rsq,dRsq,se_naive1,dse1,N
1,1.3034704,.45077762,.37789506,.96354848,84.846565,.0083948262,.0037337549,.02470951,.085021704,1475032
