i,Var1z1,dVarz1,dCov1,Cov1,VarY1,Rsq,dRsq,se_naive1,dse1,N
1,107.75324,36.706013,.74762934,1.6357139,1.1524351,.021546062,.013213535,.00034164163,.001155125,1529920
