t,i,xvar,coef_dbeta,lower_dbeta,upper_dbeta,coef_beta1,lower_beta1,upper_beta1,coef_beta0,lower_beta0,upper_beta0,coef_dCov,lower_dCov,upper_dCov,Cov1,coef_Cov1,lower_Cov1,upper_Cov1
-4,1,T_X_et_m_4,.012993243,-.0017790872,.027765574,.01177105,-.0017279411,.025270041,-.001821633,-.001159116,-.002484154,.00012972034,-.000017761833,.00027720252,3,.00012808508,-.000018802357,.00027497252
-3,2,T_X_et_m_3,.0018562548,-.012351725,.016064234,.0026481189,-.010337348,.015633585,.011454877,.012065656,.010844094,.000018532248,-.00012331564,.00016038014,2,.000028815146,-.00011248445,.00017011474
-2,3,T_X_et_m_2,-.001752138,-.016471308,.012967031,-.00056933711,-.014025395,.012886721,.012585246,.013176955,.011993544,-.000017492781,-.00016444422,.00012945865,1,-6.1951646e-06,-.00015261544,.00014022511
-1,,,0,0,0,0,0,0,0,0,0,0,0,0,,0,0,0
0,4,T_X_et_p_0,1.0007238,.96804559,1.0334021,1.0102133,.98025018,1.0401764,1.1157509,1.1159843,1.1155175,.0099909035,.0096646547,.010317152,4,.010992499,.01066646,.011318538
1,5,T_X_et_p_1,1.0026125,.97008359,1.0351412,1.0118322,.98201579,1.0416486,1.1143701,1.1147207,1.1140205,.010009759,.0096850013,.010334516,5,.011010115,.010685672,.011334558
2,6,T_X_et_p_2,1.0084983,.97560871,1.041388,1.017662,.98750627,1.0478177,1.1195761,1.1198251,1.119325,.010068522,.0097401626,.010396882,6,.011073551,.010745415,.011401686
3,7,T_X_et_p_3,1.000627,.96802276,1.0332314,1.0104591,.98057038,1.0403477,1.1198075,1.1201197,1.1194931,.0099899368,.0096644266,.010315448,7,.010995174,.010669944,.011320403
