t,i,xvar,coef_dbeta,lower_dbeta,upper_dbeta,coef_beta1,lower_beta1,upper_beta1,coef_beta0,lower_beta0,upper_beta0,coef_dCov,lower_dCov,upper_dCov,Cov1,coef_Cov1,lower_Cov1,upper_Cov1,Var0,Var1,dVar
-4,1,T_X_et_m_4,-.0094942953,-.016255859,-.0027327295,-.0083798515,-.014348477,-.0024112265,.0039599584,.0067712581,.0011486567,-.000094276154,-.00016141693,-.000027135373,3,-.00009072492,-.00015534456,-.000026105274,.00089678587,.010826554,.0099297687
-3,2,T_X_et_m_3,-.0059446609,-.012647345,.00075802335,-.0047639157,-.010674954,.0011471227,.0083100284,.011164584,.0054554711,-.000059029106,-.00012558521,7.5269963e-06,2,-.00005157679,-.00011557297,.000012419386,.00089678587,.010826554,.0099297687
-2,3,T_X_et_m_2,-.0041013677,-.010860978,.0026582428,-.0031991708,-.0091696139,.0027712716,.0067905155,.009558226,.0040227966,-.000040725634,-.000107847,.000026395735,1,-.000034635996,-.000099275319,.000030003323,.00089678587,.010826554,.0099297687
-1,,T_X_et_m_1,0,0,0,0,0,0,0,0,0,0,0,0,,0,0,0,.00089678587,.010826554,.0099297687
0,4,T_X_et_p_0,.99778962,.98302245,1.0125569,1.0074964,.99408382,1.0209088,1.1149741,1.116562,1.1133852,.0099078203,.0097611854,.010054456,4,.010907713,.010762502,.011052924,.00089678587,.010826554,.0099297687
1,5,T_X_et_p_1,.99267584,.97801745,1.0073344,1.0026557,.98934108,1.0159705,1.1131588,1.1147228,1.1115938,.0098570418,.0097114872,.010002597,5,.010855307,.010711155,.010999459,.00089678587,.010826554,.0099297687
2,6,T_X_et_p_2,.99660981,.98189402,1.0113256,1.0065552,.99318069,1.0199299,1.1166762,1.118153,1.1152005,.0098961052,.0097499806,.01004223,6,.010897525,.010752724,.011042326,.00089678587,.010826554,.0099297687
3,7,T_X_et_p_3,.99356443,.97887188,1.008257,1.0038283,.99048233,1.0171744,1.1174759,1.1190399,1.115912,.0098658651,.0097199716,.010011759,7,.010868002,.010723511,.011012493,.00089678587,.010826554,.0099297687
99,,ATET,.99515992,.98103929,1.0092806,1.0092196,.99679989,1.0216395,1.1648974,1.1713103,1.1584836,.0098817078,.0097414935,.010021923,,.010926371,.010791908,.011060835,.00089678587,.010826554,.0099297687
