t,i,xvar,coef_dbeta,lower_dbeta,upper_dbeta,coef_beta1,lower_beta1,upper_beta1,coef_beta0,lower_beta0,upper_beta0,coef_dCov,lower_dCov,upper_dCov,Cov1,coef_Cov1,lower_Cov1,upper_Cov1,Var0,Var1,dVar
-4,1,T_X_et_m_4,.012993243,-.0017790872,.027765572,.01177105,-.0017279411,.025270041,-.001821633,-.0011591159,-.002484154,.00012972034,-.000017761833,.00027720252,3,.00012808508,-.000018802357,.00027497252,.00089768739,.010881364,.0099836774
-3,2,T_X_et_m_3,.0018562546,-.012351725,.016064234,.0026481189,-.010337348,.015633585,.011454877,.012065656,.010844093,.000018532248,-.00012331564,.00016038014,2,.000028815146,-.00011248445,.00017011474,.00089768739,.010881364,.0099836774
-2,3,T_X_et_m_2,-.001752138,-.016471308,.012967031,-.00056933711,-.014025396,.012886721,.012585246,.013176954,.011993543,-.000017492781,-.00016444422,.00012945865,1,-6.1951646e-06,-.00015261544,.00014022511,.00089768739,.010881364,.0099836774
-1,,T_X_et_m_1,0,0,0,0,0,0,0,0,0,0,0,0,,0,0,0,.00089768739,.010881364,.0099836774
0,4,T_X_et_p_0,1.0007238,.96804559,1.033402,1.0102133,.98025024,1.0401764,1.1157509,1.1159843,1.1155175,.0099909035,.0096646547,.010317152,4,.010992499,.01066646,.011318538,.00089768739,.010881364,.0099836774
1,5,T_X_et_p_1,1.0026125,.97008353,1.0351412,1.0118322,.98201585,1.0416486,1.11437,1.1147207,1.1140203,.010009759,.0096850013,.010334516,5,.011010115,.010685672,.011334558,.00089768739,.010881364,.0099836774
2,6,T_X_et_p_2,1.0084983,.97560871,1.041388,1.017662,.98750627,1.0478177,1.1195761,1.119825,1.1193249,.010068522,.0097401626,.010396882,6,.011073551,.010745415,.011401686,.00089768739,.010881364,.0099836774
3,7,T_X_et_p_3,1.0006269,.9680227,1.0332313,1.0104591,.98057044,1.0403477,1.1198074,1.1201197,1.119493,.0099899368,.0096644266,.010315448,7,.010995174,.010669944,.011320403,.00089768739,.010881364,.0099836774
99,,ATET,1.0031154,.97166586,1.0345649,1.0090792,.98137367,1.0367846,1.0754048,1.089339,1.0614716,.010014781,.0097007984,.010328762,,.010980158,.010678684,.011281632,.00089768739,.010881364,.0099836774
