t,i,xvar,coef_dbeta,lower_dbeta,upper_dbeta,coef_beta1,lower_beta1,upper_beta1,coef_beta0,lower_beta0,upper_beta0,coef_dCov,lower_dCov,upper_dCov,Cov1,coef_Cov1,lower_Cov1,upper_Cov1
-4,1,T_X_et_m_4,-.034304004,-.078182653,.0095746377,-.03458811,-.074810952,.0056347274,-.037907086,-1.06062,.98480576,-.00035836705,-.00081675843,.00010002431,3,-.00039226544,-.00084843463,.000063903717
-3,2,T_X_et_m_3,-.0089431331,-.053425599,.035539333,-.0097928746,-.05056842,.030982669,-.019719722,-1.056496,1.0170566,-.000093427108,-.00055812648,.00037127227,2,-.00011106146,-.0005734989,.00035137596
-2,3,T_X_et_m_2,-.010291812,-.054564103,.033980481,-.0098311892,-.050554402,.030892026,-.0044500972,-1.0381074,1.0292072,-.00010751649,-.00057002023,.00035498725,1,-.00011149599,-.00057333993,.00035034795
-1,,,0,0,0,0,0,0,0,0,0,0,0,0,,0,0,0
0,4,T_X_et_p_0,.9617669,.86354184,1.059992,.97268468,.8821851,1.0631843,1.1002285,-1.1949897,3.3954458,.010047385,.0090212477,.011073523,4,.011031264,.010004904,.012057624
1,5,T_X_et_p_1,1.0125645,.91220814,1.112921,1.0181535,.92563039,1.1106765,1.0834445,-1.2623345,3.4292233,.010578059,.0095296549,.011626462,5,.011546928,.010497619,.012596237
2,6,T_X_et_p_2,.97746348,.87441647,1.0805105,.98710072,.89207822,1.0821232,1.099685,-1.309224,3.5085938,.010211364,.0091348533,.011287875,6,.011194757,.010117102,.012272412
3,7,T_X_et_p_3,.98476845,.88300866,1.0865283,.99398708,.90010762,1.0878665,1.1016814,-1.2776949,3.4810567,.010287678,.0092246141,.011350743,7,.011272856,.010208164,.012337548
