t,i,xvar,coef_dbeta,lower_dbeta,upper_dbeta,coef_beta1,lower_beta1,upper_beta1,coef_beta0,lower_beta0,upper_beta0,coef_dCov,lower_dCov,upper_dCov,Cov1,coef_Cov1,lower_Cov1,upper_Cov1,Var0,Var1,dVar
-4,1,T_X_et_m_4,-.0094942907,-.017211219,-.0017773616,-.0072220601,-.012630676,-.0018134436,.0039599603,.0099109281,-.0019910091,-.000094276111,-.00017090343,-.00001764879,3,-.000086285829,-.00015090547,-.000021666185,.0020177681,.011947537,.0099297687
-3,2,T_X_et_m_3,-.005944659,-.013620154,.0017308362,-.0035372463,-.0088936789,.0018191865,.0083100284,.014366082,.0022539725,-.000059029091,-.00013524498,.000017186803,2,-.000042261381,-.00010625755,.000021734797,.0020177681,.011947537,.0099297687
-2,3,T_X_et_m_2,-.0041013663,-.011814013,.0036112804,-.0022618833,-.0076721469,.0031483797,.006790515,.012710659,.00087037019,-.000040725619,-.00011731042,.000035859179,1,-.000027023934,-.000091663256,.000037615384,.0020177681,.011947537,.0099297687
-1,,T_X_et_m_1,0,0,0,0,0,0,0,0,0,0,0,0,,0,0,0,.0020177681,.011947537,.0099297687
0,4,T_X_et_p_0,.99778962,.9824456,1.0131336,1.0175804,1.0054263,1.0297344,1.1149739,1.1185182,1.1114291,.0099078203,.0097554578,.010060183,4,.012157579,.012012368,.012302789,.0020177681,.011947537,.0099297687
1,5,T_X_et_p_1,.99267584,.97744966,1.0079021,1.0130236,1.0009582,1.025089,1.1131586,1.116648,1.1096687,.0098570418,.009705849,.010008235,5,.012103138,.011958986,.01224729,.0020177681,.011947537,.0099297687
2,6,T_X_et_p_2,.99660981,.98133296,1.0118868,1.0168874,1.0047678,1.0290071,1.1166766,1.1200939,1.1132592,.0098961052,.0097444095,.010047802,6,.012149299,.012004499,.012294101,.0020177681,.011947537,.0099297687
3,7,T_X_et_p_3,.99356443,.97830021,1.0088286,1.0144913,1.0023975,1.0265851,1.117476,1.1209843,1.1139677,.0098658651,.0097142952,.010017435,7,.012120673,.011976182,.012265163,.0020177681,.011947537,.0099297687
99,,ATET,.99515992,.9806267,1.0096931,1.0187509,1.0074965,1.0300055,1.1348463,1.1397269,1.1299653,.0098817078,.0097373966,.01002602,,.012171565,.012037101,.012306028,.0020177681,.011947537,.0099297687
