t,i,xvar,coef_dbeta,lower_dbeta,upper_dbeta,coef_beta1,lower_beta1,upper_beta1,coef_beta0,lower_beta0,upper_beta0,coef_dCov,lower_dCov,upper_dCov,Cov1,coef_Cov1,lower_Cov1,upper_Cov1
-4,1,T_X_et_m_4,-.034304,-.079013444,.010405445,-.034885883,-.071499921,.0017281518,-.037907071,-.49675971,.42094553,-.00035836699,-.00082543754,.00010870359,3,-.00043463835,-.00089080754,.000021530803
-3,2,T_X_et_m_3,-.0089431293,-.054280922,.036394663,-.01068351,-.047800664,.026433641,-.019719718,-.48495013,.44551069,-.000093427072,-.00056706188,.00038020773,2,-.00013310436,-.00059554179,.00032933304
-2,3,T_X_et_m_2,-.010291811,-.055210754,.034627128,-.0093483943,-.046417911,.027721124,-.0044500916,-.46721083,.45831063,-.00010751648,-.00057677564,.00036174266,1,-.00011647034,-.0005783143,.00034537361
-1,,,0,0,0,0,0,0,0,0,0,0,0,0,,0,0,0
0,4,T_X_et_p_0,.9617669,.8631922,1.0603416,.984128,.901748,1.0665078,1.1002285,.078316182,2.1221404,.010047385,.0090175951,.011077176,4,.012261113,.011234753,.013287473
1,5,T_X_et_p_1,1.0125645,.91197062,1.1131586,1.0240114,.93978953,1.1082332,1.083444,.039642483,2.1272459,.010578059,.0095271738,.011628943,5,.012758015,.011708707,.013807324
2,6,T_X_et_p_2,.97746348,.87421805,1.0807089,.99720192,.91070485,1.083699,1.0996857,.028029544,2.1713421,.010211364,.0091327801,.011289948,6,.012424,.011346345,.013501654
3,7,T_X_et_p_3,.98476845,.88287318,1.0866638,1.0036495,.91819292,1.0891061,1.1016815,.04347736,2.1598852,.010287678,.0092231985,.011352158,7,.012504329,.011439637,.013569021
