t,i,xvar,coef_dbeta,lower_dbeta,upper_dbeta,coef_beta1,lower_beta1,upper_beta1,coef_beta0,lower_beta0,upper_beta0,coef_dCov,lower_dCov,upper_dCov,Cov1,coef_Cov1,lower_Cov1,upper_Cov1
-4,1,T_X_et_m_4,.012993244,-.0020347198,.028021209,.01050038,-.001736698,.022737458,-.0018216294,-.14882742,.14518416,.00012972036,-.000020313984,.00027975469,3,.00012604104,-.000020846408,.00027292848
-3,2,T_X_et_m_3,.0018562642,-.012606922,.01631945,.0034714004,-.0083001582,.015242959,.011454877,-.12999272,.15290247,.000018532342,-.00012586343,.00016292812,2,.000041668864,-.000099630728,.00018296846
-2,3,T_X_et_m_2,-.0017521463,-.016722027,.013217735,.00066037342,-.011537786,.012858531,.012585246,-.13390215,.15907264,-.000017492863,-.00016694733,.0001319616,1,7.9267747e-06,-.0001384935,.00015434704
-1,,,0,0,0,0,0,0,0,0,0,0,0,0,,0,0,0
0,4,T_X_et_p_0,1.0007238,.96791714,1.0335305,1.0200793,.99291718,1.0472413,1.1157515,.79216915,1.4393339,.0099909035,.0096633723,.010318435,4,.012244495,.011918455,.012570534
1,5,T_X_et_p_1,1.0026125,.96994144,1.0352834,1.0214177,.99438864,1.0484468,1.1143706,.79224938,1.4364921,.010009759,.009683582,.010335935,5,.012260561,.011936118,.012585004
2,6,T_X_et_p_2,1.0084983,.97547817,1.0415187,1.027189,.99985236,1.0545257,1.1195754,.79389966,1.4452506,.010068522,.0097388588,.010398186,6,.012329836,.012001702,.012657971
3,7,T_X_et_p_3,1.000627,.96788496,1.0333692,1.0206811,.99358654,1.0477757,1.1198069,.79694474,1.442669,.0099899368,.009663051,.010316824,7,.012251719,.01192649,.012576949
