t,i,xvar,coef_dbeta,lower_dbeta,upper_dbeta,coef_beta1,lower_beta1,upper_beta1,coef_beta0,lower_beta0,upper_beta0,coef_dCov,lower_dCov,upper_dCov,Cov1,coef_Cov1,lower_Cov1,upper_Cov1,Var0,Var1,dVar
-4,1,T_X_et_m_4,.012993244,-.0020347196,.028021207,.01050038,-.0017366979,.022737456,-.0018216295,-.00026360262,-.0033796553,.00012972036,-.000020313984,.00027975469,3,.00012604104,-.000020846408,.00027292848,.0020197965,.012003474,.0099836774
-3,2,T_X_et_m_3,.0018562642,-.012606921,.01631945,.0034714004,-.0083001582,.015242959,.011454877,.012987794,.0099219624,.000018532342,-.00012586343,.00016292812,2,.000041668864,-.000099630728,.00018296846,.0020197965,.012003474,.0099836774
-2,3,T_X_et_m_2,-.0017521463,-.016722027,.013217734,.00066037336,-.011537785,.012858531,.012585247,.014087471,.011083019,-.000017492863,-.00016694733,.0001319616,1,7.9267747e-06,-.0001384935,.00015434704,.0020197965,.012003474,.0099836774
-1,,T_X_et_m_1,0,0,0,0,0,0,0,0,0,0,0,0,,0,0,0,.0020197965,.012003474,.0099836774
0,4,T_X_et_p_0,1.0007238,.96791714,1.0335305,1.0200793,.99291718,1.0472413,1.1157515,1.1164902,1.1150129,.0099909035,.0096633723,.010318435,4,.012244495,.011918455,.012570534,.0020197965,.012003474,.0099836774
1,5,T_X_et_p_1,1.0026125,.96994138,1.0352833,1.0214177,.99438864,1.0484468,1.1143706,1.1152291,1.1135124,.010009759,.009683582,.010335935,5,.012260561,.011936118,.012585004,.0020197965,.012003474,.0099836774
2,6,T_X_et_p_2,1.0084983,.97547811,1.0415186,1.027189,.99985236,1.0545256,1.1195754,1.1203321,1.1188183,.010068522,.0097388588,.010398186,6,.012329836,.012001702,.012657971,.0020197965,.012003474,.0099836774
3,7,T_X_et_p_3,1.0006269,.96788496,1.0333691,1.0206811,.99358654,1.0477757,1.1198069,1.1206272,1.1189866,.0099899368,.009663051,.010316824,7,.012251719,.01192649,.012576949,.0020197965,.012003474,.0099836774
99,,ATET,1.0031154,.9715721,1.0346587,1.0186838,.99356818,1.0437993,1.0956366,1.102293,1.0889807,.010014781,.0096998625,.010329698,,.012227744,.01192627,.012529218,.0020197965,.012003474,.0099836774
