t,i,xvar,coef_dbeta,lower_dbeta,upper_dbeta,coef_beta1,lower_beta1,upper_beta1,coef_beta0,lower_beta0,upper_beta0,coef_dCov,lower_dCov,upper_dCov,Cov1,coef_Cov1,lower_Cov1,upper_Cov1
-4,1,T_X_et_m_4,.015240952,-.028697174,.059179079,.015750445,-.027115889,.05861678,.037433479,-3.6996651,3.7745321,.00015567899,-.00029312781,.0006044858,3,.00016466354,-.00028348394,.00061281101
-3,2,T_X_et_m_3,-.0084536048,-.052358523,.035451312,-.0071229534,-.049908452,.035662543,.049507003,-3.6826572,3.7816713,-.000086349501,-.00053481711,.00036211809,2,-.000074467149,-.00052176951,.0003728352
-2,3,T_X_et_m_2,.0060908701,-.03719309,.049374834,.0070877364,-.035150558,.049326032,.049512461,-3.63239,3.7314148,.000062215309,-.00037990953,.00050434016,1,.000074098971,-.00036748263,.00051568059
-1,,,0,0,0,0,0,0,0,0,0,0,0,0,,0,0,0
0,4,T_X_et_p_0,1.0087615,.90457481,1.1129482,1.0120921,.91028529,1.113899,1.1538358,-7.7146602,10.022336,.010304013,.0092397965,.01136823,4,.010580949,.009516607,.011645293
1,5,T_X_et_p_1,1.0163751,.9118076,1.1209426,1.0170096,.91488922,1.11913,1.0440118,-7.8543506,9.942378,.010381782,.0093136756,.011449889,5,.010632359,.0095647387,.011699981
2,6,T_X_et_p_2,1.0183741,.91688621,1.1198621,1.0182663,.91908652,1.1174459,1.0136758,-7.6255374,9.6528854,.010402202,.0093655512,.011438852,6,.010645498,.0096086198,.011682374
3,7,T_X_et_p_3,.99891144,.89855617,1.0992668,1.00082,.90277773,1.0988624,1.0820465,-7.4594183,9.6235113,.0102034,.009178319,.01122848,7,.010463106,.0094381189,.011488092
