t,i,xvar,coef_dbeta,lower_dbeta,upper_dbeta,coef_beta1,lower_beta1,upper_beta1,coef_beta0,lower_beta0,upper_beta0,coef_dCov,lower_dCov,upper_dCov,Cov1,coef_Cov1,lower_Cov1,upper_Cov1,Var0,Var1,dVar
-4,1,T_X_et_m_4,-.0014172357,-.015495954,.012661484,-.001306217,-.01502657,.012414137,.0032223011,.0041198912,.0023247113,-.000014069175,-.00015383137,.00012569303,3,-.000013284965,-.00015282871,.00012625879,.00024336955,.010170565,.0099271955
-3,2,T_X_et_m_3,-.0035411429,-.017559944,.010477658,-.0034687188,-.017122278,.010184841,-.00051449309,.00073037751,-.0017593637,-.000035153618,-.000174321,.00010401376,2,-.00003527883,-.00017414325,.00010358559,.00024336955,.010170565,.0099271955
-2,3,T_X_et_m_2,-.00039008886,-.014592824,.013812645,-.000049179045,-.013885625,.013787267,.013856744,.014961468,.012752038,-3.8724884e-06,-.00014486581,.00013712083,1,-5.0017866e-07,-.00014122465,.00014022429,.00024336955,.010170565,.0099271955
-1,,T_X_et_m_1,0,0,0,0,0,0,0,0,0,0,0,0,,0,0,0,.00024336955,.010170565,.0099271955
0,4,T_X_et_p_0,1.0005021,.96845716,1.032547,1.00146,.97019136,1.0327286,1.0405331,1.040931,1.0401312,.0099321799,.0096140634,.010250296,4,.010185414,.0098673943,.010503433,.00024336955,.010170565,.0099271955
1,5,T_X_et_p_1,.99198282,.96024859,1.0237169,.99292332,.96195507,1.0238917,1.0312876,1.031563,1.0310159,.0098476075,.0095325755,.010162639,5,.010098591,.0097836265,.010413556,.00024336955,.010170565,.0099271955
2,6,T_X_et_p_2,.99437803,.96250337,1.0262527,.9955259,.96442956,1.0266223,1.042347,1.0430013,1.0416964,.0098713851,.0095549589,.010187811,6,.010125061,.0098087937,.010441328,.00024336955,.010170565,.0099271955
3,7,T_X_et_p_3,.99326473,.96137166,1.0251579,.99441606,.96330225,1.0255299,1.0413787,1.0420523,1.0407014,.0098603331,.0095437244,.010176943,7,.010113773,.0097973282,.010430218,.00024336955,.010170565,.0099271955
99,,ATET,.99503189,.96433967,1.0257243,.99728733,.9687742,1.0258005,1.0892863,1.1496614,1.0289073,.0098778764,.0095731886,.010182565,,.010142975,.0098529812,.01043297,.00024336955,.010170565,.0099271955
