t,i,xvar,coef_dbeta,lower_dbeta,upper_dbeta,coef_beta1,lower_beta1,upper_beta1,coef_beta0,lower_beta0,upper_beta0,coef_dCov,lower_dCov,upper_dCov,Cov1,coef_Cov1,lower_Cov1,upper_Cov1
-4,1,T_X_et_m_4,-.0014172357,-.015495954,.012661484,-.001306217,-.01502657,.012414138,.0032223014,-1.1444396,1.1508842,-.000014069175,-.00015383137,.00012569303,3,-.000013284965,-.00015282871,.00012625879
-3,2,T_X_et_m_3,-.0035411429,-.017559946,.010477658,-.0034687188,-.01712228,.010184841,-.00051449309,-1.142941,1.141912,-.000035153618,-.000174321,.00010401376,2,-.00003527883,-.00017414325,.00010358559
-2,3,T_X_et_m_2,-.00039008886,-.014592825,.013812646,-.000049179045,-.013885625,.013787267,.013856745,-1.1437154,1.1714289,-3.8724884e-06,-.00014486581,.00013712083,1,-5.0017866e-07,-.00014122465,.00014022429
-1,,,0,0,0,0,0,0,0,0,0,0,0,0,,0,0,0
0,4,T_X_et_p_0,1.0005021,.96845716,1.0325471,1.00146,.97019136,1.0327286,1.0405331,-1.5733361,3.6543984,.0099321799,.0096140634,.010250296,4,.010185414,.0098673943,.010503433
1,5,T_X_et_p_1,.99198288,.96024859,1.023717,.99292338,.96195507,1.0238917,1.0312876,-1.5573517,3.6199307,.0098476075,.0095325755,.010162639,5,.010098591,.0097836265,.010413556
2,6,T_X_et_p_2,.99437803,.96250337,1.0262527,.9955259,.96442962,1.0266223,1.042347,-1.5573746,3.6420724,.0098713851,.0095549589,.010187811,6,.010125061,.0098087937,.010441328
3,7,T_X_et_p_3,.99326473,.96137166,1.0251579,.99441606,.96330225,1.0255299,1.0413787,-1.5598276,3.6425815,.0098603331,.0095437244,.010176943,7,.010113773,.0097973282,.010430218
