t,i,xvar,coef_dbeta,lower_dbeta,upper_dbeta,coef_beta1,lower_beta1,upper_beta1,coef_beta0,lower_beta0,upper_beta0,coef_dCov,lower_dCov,upper_dCov,Cov1,coef_Cov1,lower_Cov1,upper_Cov1,Var0,Var1,dVar
-4,1,T_X_et_m_4,-.000088863155,-.0064029656,.0062252395,.00067169219,-.0054239556,.0067673395,.031810775,.03465924,.028962305,-8.8935496e-07,-.000064081782,.000062303072,3,6.8865802e-06,-.000055609558,.000069382717,.00024444342,.010252584,.01000814
-3,2,T_X_et_m_3,.0021196457,-.0042320564,.0084713483,.0025488471,-.0035710991,.0086687934,.020121451,.023490189,.016752714,.000021213713,-.000042355015,.000084782441,2,.000026132269,-.000036612993,.000088877532,.00024444342,.010252584,.01000814
-2,3,T_X_et_m_2,.0035047289,-.0028595994,.0098690577,.0044041714,-.0017328095,.010541152,.041229654,.044400863,.038058434,.00003507582,-.000028619274,.000098770914,1,.000045154138,-.000017765775,.00010807405,.00024444342,.010252584,.01000814
-1,,T_X_et_m_1,0,0,0,0,0,0,0,0,0,0,0,0,,0,0,0,.00024444342,.010252584,.01000814
0,4,T_X_et_p_0,1.0032996,.98912942,1.0174698,1.0046109,.9908151,1.0184069,1.0582997,1.0598314,1.0567719,.010041163,.0098993462,.01018298,4,.010299858,.010158415,.010441301,.00024444342,.010252584,.01000814
1,5,T_X_et_p_1,1.0015411,.98739845,1.0156838,1.0025039,.98872465,1.016283,1.0419207,1.0430217,1.0408195,.010023564,.0098820226,.010165106,5,.010278255,.010136982,.010419527,.00024444342,.010252584,.01000814
2,6,T_X_et_p_2,1.002424,.98825181,1.0165962,1.0038249,.99002236,1.0176275,1.06118,1.0625136,1.0598541,.0100324,.0098905629,.010174237,6,.010291799,.010150287,.010433312,.00024444342,.010252584,.01000814
3,7,T_X_et_p_3,1.0026106,.98845911,1.0167621,1.0040429,.99025846,1.0178272,1.0626812,1.0639271,1.0614353,.010034268,.0098926378,.010175898,7,.010294033,.010152708,.010435359,.00024444342,.010252584,.01000814
99,,ATET,1.0024688,.9888497,1.0160879,1.0018395,.98914242,1.0145365,.97607291,1.0011272,.95101851,.010032848,.0098965466,.01016915,,.010271443,.010141266,.010401621,.00024444342,.010252584,.01000814
