t,i,xvar,coef_dbeta,lower_dbeta,upper_dbeta,coef_beta1,lower_beta1,upper_beta1,coef_beta0,lower_beta0,upper_beta0,coef_dCov,lower_dCov,upper_dCov,Cov1,coef_Cov1,lower_Cov1,upper_Cov1
-4,1,T_X_et_m_4,.0082316454,-.012812297,.029275587,-.14267673,-.15624768,-.12910578,-.43345734,-.43262884,-.43428585,.000079781305,-.0001241771,.0002837397,3,-.002100481,-.002300272,-.0019006899
-3,2,T_X_et_m_3,.0069641871,-.011036468,.024964843,-.13033248,-.14192015,-.11874483,-.39488515,-.39411581,-.3956545,.000067497072,-.00010696572,.00024195986,2,-.0019187495,-.0020893426,-.0017481565
-2,3,T_X_et_m_2,.0065000858,-.0067726187,.01977279,-.081971548,-.090531029,-.073412083,-.25244477,-.25192249,-.25296709,.000062998988,-.000065640386,.00019163836,1,-.0012067818,-.0013327941,-.0010807697
-1,,,0,0,0,0,0,0,0,0,0,0,0,0,,0,0,0
0,4,T_X_et_p_0,1.0076905,.97166574,1.0437151,.79102975,.76736659,.81469303,.37355295,.37370884,.37339741,.009766561,.0094174081,.010115713,4,.011645508,.011297139,.011993878
1,5,T_X_et_p_1,.99873537,.95960337,1.0378673,.87657046,.85090435,.90223652,.64117479,.64145571,.64089376,.0096797673,.0093004992,.010059035,5,.012904835,.01252698,.013282689
2,6,T_X_et_p_2,1.0031012,.96105599,1.0451465,.93706214,.90951687,.96460748,.80981338,.81020778,.80941939,.0097220819,.009314578,.010129585,6,.013795391,.013389871,.014200912
3,7,T_X_et_p_3,1.0048498,.96124315,1.0484567,.96249598,.93397141,.99102068,.88088572,.88142228,.88034916,.0097390292,.0093163922,.010161667,7,.014169827,.013749889,.014589766
