t,i,xvar,coef_dbeta,lower_dbeta,upper_dbeta,coef_beta1,lower_beta1,upper_beta1,coef_beta0,lower_beta0,upper_beta0,coef_dCov,lower_dCov,upper_dCov,Cov1,coef_Cov1,lower_Cov1,upper_Cov1
-4,1,T_X_et_m_4,-.027643571,-.081579201,.026292058,-.1464836,-.18344122,-.10952598,-.4199824,-.66612202,-.17384277,-.00031756519,-.00093716959,.0003020392,3,-.0024139797,-.0030230237,-.0018049357
-3,2,T_X_et_m_3,-.02277194,-.070064306,.024520421,-.13416061,-.16647677,-.10184444,-.39051083,-.60603833,-.17498337,-.00026160062,-.0008048882,.00028168692,2,-.0022109027,-.0027434577,-.0016783478
-2,3,T_X_et_m_2,-.015017241,-.050207864,.020173382,-.08495152,-.10911421,-.060788836,-.24589849,-.40665707,-.085139915,-.00017251581,-.00057678041,.00023174878,1,-.0013999605,-.00179815,-.001001771
-1,,,0,0,0,0,0,0,0,0,0,0,0,0,,0,0,0
0,4,T_X_et_p_0,.93577528,.83850294,1.0330477,.77017599,.70263636,.83771569,.38906521,-.057773218,.83590382,.010750046,.0096325958,.011867496,4,.012692132,.011579111,.013805154
1,5,T_X_et_p_1,.98056626,.87346303,1.0876696,.88121367,.80699694,.95543027,.65256321,.16105606,1.14407,.011264598,.010034212,.012494985,5,.01452198,.013298924,.015745034
2,6,T_X_et_p_2,1.001127,.88408095,1.118173,.94541538,.86465758,1.0261732,.8172006,.28121632,1.3531847,.011500796,.010156189,.012845404,6,.015579994,.014249143,.016910844
3,7,T_X_et_p_3,1.0013566,.87888259,1.1238307,.96658266,.88207775,1.0510875,.88655359,.32570687,1.4474003,.011503435,.010096471,.012910398,7,.01592882,.01453622,.017321419
