t,i,xvar,coef_dbeta,lower_dbeta,upper_dbeta,coef_beta1,lower_beta1,upper_beta1,coef_beta0,lower_beta0,upper_beta0,coef_dCov,lower_dCov,upper_dCov,Cov1,coef_Cov1,lower_Cov1,upper_Cov1,Var0,Var1,dVar
-4,1,T_X_et_m_4,-.0079761771,-.018225543,.0022731877,-.15041073,-.15625778,-.14456367,-.43284604,-.42996368,-.43572837,-.000079650628,-.00018200146,.0000227002,3,-.0022594887,-.0023473238,-.0021716536,.0050360588,.015022124,.0099860653
-3,2,T_X_et_m_3,-.0066819689,-.015503361,.0021394226,-.13709949,-.14213829,-.13206069,-.39570606,-.3932443,-.39816782,-.000066726578,-.00015481758,.000021364413,2,-.0020595256,-.0021352191,-.0019838321,.0050360588,.015022124,.0099860653
-2,3,T_X_et_m_2,-.007051372,-.01355686,-.00054588279,-.088784508,-.092498824,-.085070193,-.25085419,-.24903385,-.25267452,-.000070415459,-.0001353797,-5.4512211e-06,1,-.0013337319,-.0013895289,-.001277935,.0050360588,.015022124,.0099860653
-1,,T_X_et_m_1,0,0,0,0,0,0,0,0,0,0,0,0,,0,0,0,.0050360588,.015022124,.0099860653
0,4,T_X_et_p_0,.99989051,.98354399,1.016237,.78973991,.77914977,.80033004,.37302953,.37385395,.37220529,.009984972,.0098217344,.01014821,4,.011863571,.011704485,.012022657,.0050360588,.015022124,.0099860653
1,5,T_X_et_p_1,.99435341,.97625357,1.0124533,.87597781,.8644672,.88748842,.64124936,.64280462,.63969392,.0099296784,.009748932,.010110425,5,.013159048,.012986134,.013331961,.0050360588,.015022124,.0099860653
2,6,T_X_et_p_2,.9957121,.97624248,1.0151815,.93310028,.92084223,.9453584,.80894649,.81098831,.80690503,.0099432459,.0097488211,.01013767,6,.014017148,.013833006,.014201291,.0050360588,.015022124,.0099860653
3,7,T_X_et_p_3,.99287903,.97253835,1.0132197,.95551682,.94280159,.96823192,.88143069,.88383609,.8790251,.0099149551,.0097118318,.010118078,7,.014353892,.014162882,.014544901,.0050360588,.015022124,.0099860653
99,,ATET,.9957087,.97775763,1.01366,.98265737,.97041172,.99490309,.95677757,.95584536,.95770985,.0099432124,.0097639514,.010122474,,.014761601,.014577645,.014945557,.0050360588,.015022124,.0099860653
