t,i,xvar,coef_dbeta,lower_dbeta,upper_dbeta,coef_beta1,lower_beta1,upper_beta1,coef_beta0,lower_beta0,upper_beta0,coef_dCov,lower_dCov,upper_dCov,Cov1,coef_Cov1,lower_Cov1,upper_Cov1,Var0,Var1,dVar
-4,1,T_X_et_m_4,-.0026389607,-.03205885,.026780931,-.17134371,-.18955499,-.15313244,-.6049521,-.59435475,-.61554939,-.000026389411,-.00032058611,.00026780731,3,-.0023800693,-.0026330352,-.0021271035,.0038906883,.013890614,.0099999253
-3,2,T_X_et_m_3,.0036371953,-.015700305,.022974696,-.13239969,-.14447553,-.12032383,-.48204443,-.47545624,-.48863259,.000036371683,-.00015700188,.00022974524,2,-.001839113,-.0020068539,-.0016713719,.0038906883,.013890614,.0099999253
-2,3,T_X_et_m_2,-.0015919083,-.013052566,.0098687494,-.084109619,-.09132456,-.076894678,-.29619831,-.29250082,-.29989579,-.000015918964,-.00013052468,.000098686753,1,-.0011683343,-.0012685542,-.0010681143,.0038906883,.013890614,.0099999253
-1,,T_X_et_m_1,0,0,0,0,0,0,0,0,0,0,0,0,,0,0,0,.0038906883,.013890614,.0099999253
0,4,T_X_et_p_0,.99921966,.97389108,1.0245481,.87918401,.86133724,.89703083,.57066619,.57204902,.56928355,.0099921217,.0097388383,.010245404,4,.012212406,.011964503,.012460309,.0038906883,.013890614,.0099999253
1,5,T_X_et_p_1,.99708337,.9637754,1.0303915,.96001369,.93689412,.98313338,.86473656,.86780339,.86166972,.009970759,.0096376818,.010303837,5,.01333518,.013014034,.013656326,.0038906883,.013890614,.0099999253
2,6,T_X_et_p_2,.99351048,.95016146,1.0368595,1.0061454,.97646719,1.0358235,1.0386196,1.0440788,1.0331606,.0099350307,.0095015438,.010368518,6,.013975976,.013563729,.014388223,.0038906883,.013890614,.0099999253
3,7,T_X_et_p_3,1.0013965,.94264501,1.0601481,1.0474238,1.0074383,1.0874095,1.1657244,1.1739714,1.157477,.01001389,.0094263796,.010601402,7,.014549361,.013993937,.015104785,.0038906883,.013890614,.0099999253
99,,ATET,.99776167,.96727514,1.0282482,1.0164838,.99430454,1.038663,1.0646039,1.0637763,1.0654315,.0099775419,.009672679,.010282406,,.014119584,.013811501,.014427667,.0038906883,.013890614,.0099999253
