t,i,xvar,coef_dbeta,lower_dbeta,upper_dbeta,coef_beta1,lower_beta1,upper_beta1,coef_beta0,lower_beta0,upper_beta0,coef_dCov,lower_dCov,upper_dCov,Cov1,coef_Cov1,lower_Cov1,upper_Cov1,Var0,Var1,dVar
-4,1,T_X_et_m_4,.011444023,-.044165291,.067053333,-.15859878,-.19816492,-.11903262,-.60739887,-.60462165,-.61017597,.00011654289,-.00044976763,.0006828534,3,-.0022270726,-.0027826675,-.0016714775,.0038584457,.01404218,.010183735
-3,2,T_X_et_m_3,.011940367,-.025382094,.049262825,-.12794562,-.15466474,-.1012265,-.4971517,-.49588504,-.49841839,.00012159753,-.00025848451,.00050167955,2,-.0017966353,-.00217183,-.0014214407,.0038584457,.01404218,.010183735
-2,3,T_X_et_m_2,.0019317725,-.021054797,.02491834,-.080201082,-.096633188,-.063768968,-.29697725,-.29610994,-.29784459,.000019672658,-.00021441646,.00025376177,1,-.001126198,-.0013569406,-.00089545536,.0038584457,.01404218,.010183735
-1,,T_X_et_m_1,0,0,0,0,0,0,0,0,0,0,0,0,,0,0,0,.0038584457,.01404218,.010183735
0,4,T_X_et_p_0,1.0052644,.94992381,1.060605,.88485932,.84478515,.92493343,.56706965,.56728882,.56685048,.010237346,.0096737724,.01080092,4,.012425354,.011862625,.012988082,.0038584457,.01404218,.010183735
1,5,T_X_et_p_1,1.0183251,.94629157,1.0903587,.97178417,.91967571,1.0238926,.84894681,.8494274,.84846622,.010370353,.0096367821,.011103924,5,.013645968,.012914252,.014377685,.0038584457,.01404218,.010183735
2,6,T_X_et_p_2,1.0238218,.93103135,1.1166124,1.0285714,.9613924,1.0957505,1.0411068,1.0415254,1.0406885,.01042633,.009481376,.011371285,6,.014443384,.013500045,.015386725,.0038584457,.01404218,.010183735
3,7,T_X_et_p_3,1.0400305,.91250515,1.1675559,1.0738056,.98146439,1.1661466,1.162949,1.1634709,1.1624272,.010591395,.0092927106,.01189008,7,.015078571,.0137819,.016375242,.0038584457,.01404218,.010183735
99,,ATET,1.0167202,.94978601,1.0836542,1.026087,.97567737,1.0764967,1.0508093,1.0440131,1.0576056,.010354009,.0096723689,.011035647,,.014408499,.013700637,.015116361,.0038584457,.01404218,.010183735
