t,i,xvar,coef_dbeta,lower_dbeta,upper_dbeta,coef_beta1,lower_beta1,upper_beta1,coef_beta0,lower_beta0,upper_beta0,coef_dCov,lower_dCov,upper_dCov,Cov1,coef_Cov1,lower_Cov1,upper_Cov1
-4,1,T_X_et_m_4,-.025782678,-.2074839,.15591855,-.17168248,-.30588472,-.037480235,-.59553272,-1.6474589,.45639357,-.00028430714,-.0022879376,.0017193232,3,-.0025448236,-.004534083,-.00055556389
-3,2,T_X_et_m_3,-.071324706,-.18645321,.043803804,-.17978464,-.26425838,-.095310889,-.49486914,-1.1592028,.16946459,-.0007865018,-.0020560308,.00048302719,2,-.0026649206,-.0039170622,-.001412779
-2,3,T_X_et_m_2,.012127091,-.056879908,.081134088,-.068677157,-.1184006,-.018953707,-.30341974,-.69806433,.091224834,.00013372616,-.00062721816,.00089467049,1,-.0010179911,-.0017550343,-.00028094795
-1,,,0,0,0,0,0,0,0,0,0,0,0,0,,0,0,0
0,4,T_X_et_p_0,1.0317218,.84729981,1.2161438,.91884154,.78101313,1.0566698,.59091556,-.48307538,1.664906,.011376859,.0093432264,.013410492,4,.013619849,.01157684,.015662858
1,5,T_X_et_p_1,1.0318882,.78909928,1.2746774,.9861058,.80421996,1.1679915,.85310405,-.56249517,2.2687027,.011378694,.0087014455,.014055944,5,.014616897,.011920831,.017312963
2,6,T_X_et_p_2,.94357306,.64678097,1.2403653,.97642672,.75372893,1.1991246,1.0718691,-.65998715,2.8037252,.010404837,.0071320925,.013677582,6,.014473426,.01117241,.017774442
3,7,T_X_et_p_3,.77035207,.47358435,1.0671197,.86994976,.64854401,1.0913554,1.1592888,-.56745088,2.8860281,.0084947189,.0052222433,.011767194,7,.012895134,.0096132699,.016176997
