size,n1,n0,EBITDA1,EBITDA0,manager_value1,manager_value0,manager_skill0,EBITDA_share0,sales0,manager_skill1,EBITDA_share1,sales1
0,2420,2932,2.5,2.3,2.5,2.4000001,-.041,.18099999,12.6,0,.185,13.7
50,709,894,10.4,9.8999996,2.9000001,3.4000001,.089,.14,70.90000000000001,.038,.14399999,72.5
100,681,824,16,18.299999,3.3,4.1999998,.093,.127,143.4,.047,.114,140.8
200,631,870,32,38.299999,4.6999998,7.3000002,.126,.121,316.2,.068,.102,314.4
500,278,482,72,85.099998,12,11.5,.106,.12,706.6,.132,.104,695.1
1000,280,590,276.60001,437.5,13.2,90.300003,.201,.089000002,4922.1,.039,.089000002,3097.2
