xvar,coef_dCov,lower_dCov,upper_dCov,Cov1,coef_Cov1,lower_Cov1,upper_Cov1,coef_dbeta,lower_dbeta,upper_dbeta,coef_beta1,lower_beta1,upper_beta1,coef_beta0,lower_beta0,upper_beta0,coef_beta1alt,lower_beta1alt,upper_beta1alt,coef_beta0alt,lower_beta0alt,upper_beta0alt
-4,.0017576448,.0013443637,.002170926,1,-.0045545842,-.0049451636,-.0041640047,.25693727,.19652273,.31735185,-.25479731,-.27664754,-.23294711,-.57204133,-.64489067,-.49919203,-.66580147,-.72289741,-.60870546,-.92273873,-1.0402492,-.80522823
-3,.0014283576,.0011335622,.0017231531,2,-.0031442496,-.0034229811,-.002865518,.20880118,.16570719,.25189519,-.17589891,-.19149199,-.16030581,-.41438934,-.46636483,-.36241385,-.45963493,-.50038064,-.41888919,-.66843611,-.75227582,-.5845964
-2,.00075923483,.00057908235,.00093938736,3,-.0017227002,-.0018934676,-.0015519329,.110987,.084651828,.13732219,-.096373096,-.10592635,-.086819857,-.22492363,-.25672552,-.19312178,-.25182897,-.27679223,-.22686575,-.36281598,-.41411442,-.31151757
-1,0,0,0,4,0,0,0,0,0,0,0,0,0,0,0,0,0,0,0,0,0,0
0,.0091212802,.0087276958,.0095148655,5,.012340492,.011949445,.012731537,1.3333734,1.2758383,1.3909088,.69036472,.66848838,.71224099,.29173881,.22063208,.36284533,1.8039665,1.7468022,1.8611306,.47059307,.35589346,.5852924
1,.0083431546,.007862702,.0088236062,6,.013823353,.013348505,.014298202,1.2196249,1.1493911,1.2898587,.7733205,.74675608,.79988497,.49663913,.4100658,.58321267,2.0207353,1.9513206,2.0901499,.80111021,.66146195,.94075876
2,.0075853663,.0070069064,.0081638265,7,.014973742,.014405659,.015541825,1.1088494,1.0242885,1.1934103,.83767676,.80589652,.86945701,.66956639,.56566173,.773471,2.1889021,2.1058583,2.271946,1.0800527,.91244805,1.2476574
3,.0070679025,.0063685002,.0077673048,8,.016183659,.015498892,.016868426,1.0332052,.93096459,1.1354456,.90536326,.8670553,.94367117,.82610911,.70066971,.9515484,2.3657711,2.2656701,2.465872,1.332566,1.1302245,1.5349076
