xvar,coef_dCov,lower_dCov,upper_dCov,Cov1,coef_Cov1,lower_Cov1,upper_Cov1,coef_dbeta,lower_dbeta,upper_dbeta,coef_beta1,lower_beta1,upper_beta1,coef_beta0,lower_beta0,upper_beta0,coef_beta1alt,lower_beta1alt,upper_beta1alt,coef_beta0alt,lower_beta0alt,upper_beta0alt
-4,-.00011293038,-.00052621157,.00030035083,1,-.0064251591,-.0068157385,-.0060345796,-.016508469,-.076923035,.043906096,-.35944298,-.38129318,-.33759278,-.57204133,-.64489061,-.499192,-.93924713,-.99634314,-.88215119,-.92273867,-1.0402492,-.80522817
-3,.000073304414,-.00022149099,.00036809983,2,-.0044993027,-.0047780345,-.0042205714,.010715838,-.032378152,.053809829,-.25170469,-.2672978,-.23611163,-.41438934,-.46636483,-.36241388,-.65772027,-.698466,-.61697453,-.66843611,-.75227588,-.5845964
-2,.000023734512,-.000156418,.00020388703,3,-.0024582006,-.0026289679,-.0022874332,.0034695752,-.022865606,.029804759,-.13751923,-.14707248,-.12796599,-.22492364,-.25672549,-.19312178,-.35934642,-.38430965,-.33438319,-.36281601,-.41411442,-.3115176
-1,0,0,0,4,0,0,0,0,0,0,0,0,0,0,0,0,0,0,0,0,0,0
0,.010075266,.0096816812,.010468851,5,.013294477,.012903431,.013685523,1.4728297,1.4152944,1.530365,.74373358,.72185731,.76560986,.29173872,.22063217,.36284533,1.9434227,1.8862586,2.0005867,.47059292,.35589358,.5852924
1,.0099671641,.0094867125,.010447617,6,.015447363,.014972515,.015922211,1.4570271,1.3867934,1.5272609,.86417258,.83760816,.890737,.49663922,.4100658,.58321255,2.2581375,2.1887228,2.3275518,.80111033,.66146195,.94075865
2,.0097748488,.0091963885,.010353308,7,.017163225,.016595142,.017731307,1.4289138,1.344353,1.5134746,.96016312,.92838281,.99194336,.66956639,.56566185,.77347106,2.5089667,2.4259229,2.5920105,1.0800527,.91244817,1.2476575
3,.0097692795,.0090698767,.010468682,8,.018885037,.018200269,.019569803,1.4280998,1.3258592,1.5303403,1.0564865,1.0181785,1.0947944,.82610917,.70066965,.95154852,2.7606659,2.6605647,2.8607669,1.3325661,1.1302242,1.5349077
