xvar,coef_dCov,lower_dCov,upper_dCov,Cov1,coef_Cov1,lower_Cov1,upper_Cov1,coef_dbeta,lower_dbeta,upper_dbeta,coef_beta1,lower_beta1,upper_beta1,coef_beta0,lower_beta0,upper_beta0,coef_beta1alt,lower_beta1alt,upper_beta1alt,coef_beta0alt,lower_beta0alt,upper_beta0alt
-4,-.00011293038,-.00052621157,.00030035083,1,-.0064251591,-.0068157385,-.0060345796,-.011169332,-.052044738,.029706076,-.30385724,-.32232842,-.28538603,-.57204133,-.64489061,-.499192,-.63547772,-.67410779,-.59684759,-.62430835,-.70381385,-.54480284
-3,.000073304436,-.00022149098,.00036809983,2,-.0044993027,-.0047780345,-.0042205714,.0072501451,-.021906473,.036406763,-.21278004,-.22596177,-.19959834,-.41438934,-.46636483,-.36241388,-.44500169,-.47256953,-.41743386,-.45225182,-.50897628,-.39552739
-2,.000023734512,-.000156418,.00020388703,3,-.0024582006,-.0026289679,-.0022874332,.0023474521,-.015470457,.020165363,-.11625269,-.12432858,-.1081768,-.22492364,-.25672549,-.19312178,-.24312732,-.26001698,-.22623764,-.24547477,-.28018233,-.21076718
-1,0,0,0,4,0,0,0,0,0,0,0,0,0,0,0,0,0,0,0,0,0,0
0,.010075266,.0096816812,.010468851,5,.013294477,.012903431,.013685523,.99649006,.95756269,1.0354173,.62871951,.61022627,.64721274,.29173872,.22063217,.36284533,1.3148848,1.2762085,1.3535609,.31839469,.24079119,.39599827
1,.0099671641,.0094867125,.010447617,6,.015447363,.014972515,.015922211,.98579824,.93827939,1.0333172,.73053336,.70807695,.75298977,.49663922,.4100658,.58321255,1.5278151,1.4808505,1.5747797,.5420168,.44753325,.63650036
2,.0097748488,.0091963885,.010353308,7,.017163225,.016595142,.017731307,.96677738,.90956503,1.0239897,.81167948,.78481388,.83854514,.66956639,.56566185,.77347106,1.6975217,1.6413356,1.7537076,.73074424,.61734599,.84414262
3,.0097692795,.0090698767,.010468682,8,.018885037,.018200269,.019569803,.96622658,.89705241,1.0354007,.89310706,.8607232,.92549092,.82610917,.70066965,.95154852,1.8678168,1.8000901,1.9355433,.90159023,.76468939,1.0384909
