xvar,coef_dCov,lower_dCov,upper_dCov,Cov1,coef_Cov1,lower_Cov1,upper_Cov1,coef_dbeta,lower_dbeta,upper_dbeta,coef_beta1,lower_beta1,upper_beta1,coef_beta0,lower_beta0,upper_beta0,coef_beta1alt,lower_beta1alt,upper_beta1alt,coef_beta0alt,lower_beta0alt,upper_beta0alt
-4,-.000013331775,-.00042661297,.00039994944,1,-.0063255606,-.0067161401,-.0059349812,-.0013185737,-.042193979,.039556835,-.29914704,-.31761825,-.28067586,-.57204133,-.64489067,-.49919203,-.62562698,-.66425705,-.58699685,-.62430841,-.70381391,-.5448029
-3,.00016849409,-.00012630133,.0004632895,2,-.0044041132,-.0046828445,-.0041253814,.016664838,-.01249178,.045821458,-.20827837,-.22146007,-.19509664,-.41438934,-.4663648,-.36241382,-.43558699,-.46315479,-.40801913,-.45225182,-.50897628,-.39552736
-2,.000075551805,-.00010460072,.00025570433,3,-.0024063834,-.0025771507,-.0022356159,.0074724201,-.010345491,.025290331,-.11380216,-.12187805,-.10572626,-.22492364,-.25672552,-.19312176,-.23800236,-.25489202,-.22111267,-.24547477,-.28018236,-.21076716
-1,0,0,0,4,0,0,0,0,0,0,0,0,0,0,0,0,0,0,0,0,0,0
0,.010075266,.0096816812,.010468852,5,.013294477,.012903431,.013685523,.99649006,.95756269,1.0354174,.62871951,.61022627,.64721274,.29173872,.22063208,.36284533,1.3148848,1.2762085,1.3535609,.31839469,.2407911,.39599827
1,.0099671641,.0094867125,.010447617,6,.015447363,.014972515,.015922211,.98579824,.93827939,1.0333172,.73053336,.70807695,.75298977,.49663922,.4100658,.58321255,1.5278151,1.4808505,1.5747797,.5420168,.44753325,.6365003
2,.0097748488,.0091963885,.010353308,7,.017163225,.016595142,.017731307,.96677738,.90956503,1.0239897,.81167948,.78481388,.83854514,.66956639,.56566185,.77347106,1.6975216,1.6413356,1.7537076,.73074424,.61734599,.84414262
3,.0097692795,.0090698767,.010468681,8,.018885037,.018200269,.019569803,.96622658,.89705241,1.0354006,.89310706,.8607232,.92549086,.82610917,.70066971,.95154852,1.8678168,1.8000901,1.9355433,.90159023,.76468951,1.0384909
